0,0,0,0,0,0,0,0,0,0,0,0,0,0,0,0,0,0,0,0,0,0,0,0,0,0,0,0,0,0,0,0,0,0,0,0,0,0,0,0,0,0,0,0,0,0,0,0,0,0,0,0,0,0,0,0,0,0,0,0,0,0,0,0,0,0,0,0,0,0,0,0,0,0,0,0,0,0,0,0,0
0,0,0,0,0,0,0,0,0,0,0,0,0,0,0,0,0,0,0,0,0,0,0,0,0,0,0,0,0,0,0,0,0,0,0,0,0,0,0,0,0,0,0,0,0,0,0,0,0,0,0,0,0,0,0,0,0,0,0,0,0,0,0,0,0,0,0,0,0,0,0,0,0,0,0,0,0,0,0,0,0
0,0,0,0,0,0,0,0,0,0,0,0,0,0,0,0,0,0,0,0,0,0,0,0,0,0,0,0,0,0,0,0,0,0,0,0,0,0,0,0,0,0,0,0,0,0,0,0,0,0,0,0,0,0,0,0,0,0,0,0,0,0,0,0,0,0,0,0,0,0,0,0,0,0,0,0,0,0,0,0,0
0,0,0,0,0,0,0,0,0,0,0,0,0,0,0,0,0,0,0,0,0,0,0,0,0,0,0,0,0,0,0,0,0,0,0,0,0,0,0,0,0,0,0,0,0,0,0,0,0,0,0,0,0,0,0,0,0,0,0,0,0,0,0,0,0,0,0,0,0,0,0,0,0,0,0,0,0,0,0,0,0
0,0,0,0,0,0,0,0,0,0,0,0,0,0,0,0,0,0,0,0,0,0,0,0,0,0,0,0,0,0,0,0,0,0,0,0.000210649,0.000216282,0.000220612,0.000223602,0.000225368,0.000226009,0.000225562,0.000223991,0.000221191,0.000217045,0.000211578,0,0,0,0,0,0,0,0,0,0,0,0,0,0,0,0,0,0,0,0,0,0,0,0,0,0,0,0,0,0,0,0,0,0,0
0,0,0,0,0,0,0,0,0,0,0,0,0,0,0,0,0,0,0,0,0,0,0,0,0,0,0,0,0,0,0.000261875,0.000280827,0.00049953,0.00423519,0.00508527,0.0053966,0.00555446,0.00564759,0.00570407,0.00573497,0.0057449,0.0057352,0.00570453,0.00564828,0.00555536,0.00539769,0.00508651,0.0042365,0.000500584,0.000282686,0.000263961,0,0,0,0,0,0,0,0,0,0,0,0,0,0,0,0,0,0,0,0,0,0,0,0,0,0,0,0,0,0
0,0,0,0,0,0,0,0,0,0,0,0,0,0,0,0,0,0,0,0,0,0,0,0,0,0,0,0.000315964,0.000415977,0.00421759,0.00520086,0.0057523,0.00655152,0.00887097,0.00992488,0.0104357,0.0107214,0.0108957,0.0110026,0.0110614,0.0110802,0.0110616,0.0110031,0.0108965,0.0107225,0.0104369,0.00992633,0.00887253,0.00655311,0.00575437,0.00520316,0.0042199,0.000417862,0.000318826,0,0,0,0,0,0,0,0,0,0,0,0,0,0,0,0,0,0,0,0,0,0,0,0,0,0,0
0,0,0,0,0,0,0,0,0,0,0,0,0,0,0,0,0,0,0,0,0,0,0,0,0.000350576,0.000405038,0.00416036,0.00529065,0.00626,0.00876687,0.0100694,0.0109668,0.0119975,0.013665,0.0147246,0.0153476,0.0157301,0.0159733,0.0161255,0.0162098,0.0162369,0.0162101,0.0161261,0.0159742,0.0157313,0.015349,0.0147263,0.0136669,0.0119994,0.0109692,0.0100719,0.0087695,0.00626254,0.00529368,0.0041634,0.000407502,0.000353893,0,0,0,0,0,0,0,0,0,0,0,0,0,0,0,0,0,0,0,0,0,0,0,0
0,0,0,0,0,0,0,0,0,0,0,0,0,0,0,0,0,0,0,0,0,0,0.00039297,0.000503415,0.00433923,0.00584418,0.0085531,0.0101205,0.0114932,0.0134577,0.0148601,0.0159559,0.0170797,0.0184371,0.0194552,0.0201367,0.0205881,0.0208871,0.0210781,0.021185,0.0212196,0.0211854,0.0210787,0.0208881,0.0205894,0.0201383,0.0194571,0.0184392,0.0170821,0.0159585,0.0148629,0.0134606,0.0114962,0.0101238,0.00855645,0.00584731,0.00434265,0.000506297,0.00039683,0,0,0,0,0,0,0,0,0,0,0,0,0,0,0,0,0,0,0,0,0,0
0,0,0,0,0,0,0,0,0,0,0,0,0,0,0,0,0,0,0,0,0,0.000515845,0.00430698,0.00589833,0.00877842,0.010764,0.0130701,0.0148149,0.0163751,0.0181138,0.019546,0.0207485,0.0219091,0.0231133,0.0240894,0.0248,0.0252992,0.0256417,0.0258649,0.0259913,0.0260324,0.0259917,0.0258657,0.0256428,0.0253006,0.0248018,0.0240915,0.0231157,0.0219117,0.0207514,0.0195492,0.0181171,0.0163786,0.0148186,0.0130738,0.0107677,0.00878216,0.00590187,0.00431083,0.00051904,0,0,0,0,0,0,0,0,0,0,0,0,0,0,0,0,0,0,0,0,0
0,0,0,0,0,0,0,0,0,0,0,0,0,0,0,0,0,0,0,0.00048685,0.00407269,0.00570455,0.00863555,0.0107507,0.0132741,0.015407,0.0175522,0.019371,0.0210192,0.0226651,0.0241062,0.0253637,0.0265376,0.0276635,0.0286076,0.0293327,0.0298645,0.0302402,0.0304896,0.0306323,0.0306789,0.0306327,0.0304905,0.0302414,0.0298661,0.0293346,0.0286099,0.0276661,0.0265406,0.0253669,0.0241097,0.0226688,0.0210231,0.0193751,0.0175563,0.0154111,0.0132782,0.0107547,0.00863966,0.00570832,0.0040766,0.000489709,0,0,0,0,0,0,0,0,0,0,0,0,0,0,0,0,0,0,0
0,0,0,0,0,0,0,0,0,0,0,0,0,0,0,0,0,0,0.000691262,0.00476858,0.00807101,0.0103478,0.012999,0.0153021,0.017688,0.0198578,0.0219349,0.0237852,0.0254751,0.0270839,0.028528,0.029813,0.0309906,0.0320747,0.0329971,0.0337296,0.0342839,0.0346847,0.034955,0.035111,0.0351621,0.0351114,0.0349559,0.0346861,0.0342856,0.0337318,0.0329997,0.0320776,0.0309939,0.0298166,0.0285318,0.0270879,0.0254794,0.0237896,0.0219394,0.0198623,0.0176925,0.0153066,0.0130035,0.010352,0.00807511,0.00477202,0.000694281,0,0,0,0,0,0,0,0,0,0,0,0,0,0,0,0,0,0
0,0,0,0,0,0,0,0,0,0,0,0,0,0,0,0,0.000512318,0.00395432,0.00574812,0.00907394,0.0121618,0.0146994,0.0172691,0.0196419,0.0219724,0.0241451,0.0261911,0.0280545,0.0297645,0.0313591,0.0328047,0.0341032,0.0352806,0.0363417,0.0372502,0.0379868,0.0385567,0.0389764,0.039263,0.0394297,0.0394846,0.0394302,0.039264,0.0389779,0.0385586,0.0379892,0.037253,0.0363448,0.0352841,0.0341071,0.0328088,0.0313635,0.0297692,0.0280593,0.026196,0.02415,0.0219773,0.0196468,0.017274,0.014704,0.0121662,0.00907787,0.00575171,0.00395802,0.000514581,0,0,0,0,0,0,0,0,0,0,0,0,0,0,0,0
0,0,0,0,0,0,0,0,0,0,0,0,0,0,0,0.000558615,0.00437295,0.00769634,0.0101957,0.0132556,0.0162146,0.0188533,0.0214044,0.0238044,0.0261112,0.0282783,0.0303087,0.0321772,0.0338969,0.0354864,0.0369331,0.0382379,0.0394139,0.0404618,0.0413618,0.0421011,0.0426822,0.043116,0.0434153,0.0435906,0.0436485,0.0435912,0.0434164,0.0431176,0.0426843,0.0421037,0.0413648,0.0404652,0.0394177,0.0382421,0.0369375,0.0354912,0.0339019,0.0321824,0.030314,0.0282837,0.0261166,0.0238097,0.0214097,0.0188583,0.0162194,0.01326,0.0101997,0.00770006,0.00437562,0.000560211,0,0,0,0,0,0,0,0,0,0,0,0,0,0,0
0,0,0,0,0,0,0,0,0,0,0,0,0,0,0.000601046,0.00449819,0.00817928,0.0114755,0.0143004,0.0172761,0.0201664,0.0228423,0.0253924,0.0278037,0.0300996,0.0322604,0.0342819,0.036152,0.0378764,0.0394644,0.0409117,0.0422194,0.0433937,0.044434,0.0453289,0.0460704,0.0466596,0.047104,0.0474132,0.0475952,0.0476555,0.0475958,0.0474143,0.0471057,0.0466618,0.0460731,0.0453321,0.0444376,0.0433978,0.0422238,0.0409165,0.0394695,0.0378817,0.0361575,0.0342876,0.0322661,0.0301053,0.0278094,0.025398,0.0228478,0.0201715,0.0172809,0.0143048,0.0114794,0.00818237,0.00450032,0.00060225,0,0,0,0,0,0,0,0,0,0,0,0,0,0
0,0,0,0,0,0,0,0,0,0,0,0,0,0.000624619,0.00451609,0.00830805,0.0119022,0.015195,0.0181749,0.0211312,0.0239881,0.0266771,0.0292296,0.0316459,0.0339363,0.0360919,0.038108,0.0399781,0.0417046,0.0432923,0.0447401,0.0460489,0.0472217,0.0482575,0.0491496,0.0498929,0.0504881,0.0509407,0.0512574,0.0514448,0.0515069,0.0514454,0.0512586,0.0509424,0.0504905,0.0498957,0.0491529,0.0482614,0.0472261,0.0460536,0.0447452,0.0432977,0.0417103,0.039984,0.0381141,0.0360981,0.0339425,0.031652,0.0292356,0.026683,0.0239937,0.0211364,0.0181796,0.0151993,0.0119057,0.00831069,0.00451786,0.00062556,0,0,0,0,0,0,0,0,0,0,0,0,0
0,0,0,0,0,0,0,0,0,0,0,0,0.00061419,0.0044549,0.00826943,0.0119832,0.015519,0.0188115,0.0218669,0.0248247,0.0276671,0.0303606,0.0329153,0.035334,0.0376213,0.0397731,0.0417856,0.0436551,0.0453824,0.04697,0.048418,0.0497272,0.0508989,0.051932,0.0528226,0.0535675,0.0541674,0.0546261,0.0549487,0.0551402,0.0552038,0.0551408,0.05495,0.054628,0.0541699,0.0535705,0.0528261,0.0519361,0.0509035,0.0497322,0.0484234,0.0469757,0.0453884,0.0436613,0.041792,0.0397796,0.0376278,0.0353405,0.0329217,0.0303668,0.0276731,0.0248303,0.021872,0.0188161,0.0155229,0.0119863,0.00827174,0.00445641,0.000614938,0,0,0,0,0,0,0,0,0,0,0,0
0,0,0,0,0,0,0,0,0,0,0,0.000576029,0.00431136,0.00810337,0.0118614,0.0155183,0.0190135,0.0223042,0.0253968,0.028361,0.0311982,0.0338934,0.0364497,0.0388694,0.0411548,0.0433038,0.0453138,0.0471824,0.0489099,0.0504975,0.0519456,0.0532548,0.0544256,0.0554572,0.0563471,0.0570935,0.0576971,0.0581605,0.0584876,0.0586823,0.0587471,0.058683,0.058489,0.0581624,0.0576997,0.0570967,0.0563509,0.0554615,0.0544304,0.0532601,0.0519513,0.0505035,0.0489162,0.047189,0.0453206,0.0433107,0.0411617,0.0388763,0.0364565,0.0339,0.0312045,0.028367,0.0254024,0.0223092,0.0190179,0.0155219,0.0118643,0.00810542,0.00431266,0.000576631,0,0,0,0,0,0,0,0,0,0,0
0,0,0,0,0,0,0,0,0,0,0.000527583,0.00406641,0.00780396,0.0115722,0.0152923,0.0189087,0.0223753,0.0256623,0.0287732,0.0317435,0.0345794,0.0372756,0.0398329,0.042253,0.0445371,0.0466841,0.0486923,0.05056,0.0522873,0.0538748,0.0553228,0.0566319,0.0578021,0.0588329,0.0597226,0.0604704,0.0610768,0.0615439,0.0618746,0.0620718,0.0621375,0.0620725,0.0618759,0.0615459,0.0610795,0.0604738,0.0597266,0.0588374,0.0578072,0.0566374,0.0553288,0.0538811,0.052294,0.050567,0.0486994,0.0466914,0.0445444,0.0422603,0.0398401,0.0372826,0.0345862,0.0317499,0.0287791,0.0256678,0.0223801,0.0189128,0.0152956,0.0115747,0.00780579,0.00406754,0.000528069,0,0,0,0,0,0,0,0,0,0
0,0,0,0,0,0,0,0,0,0.000491086,0.00360163,0.00731326,0.0110992,0.0148652,0.0185626,0.0221514,0.0255976,0.02888,0.0319993,0.034974,0.0378104,0.0405072,0.0430651,0.0454853,0.0477685,0.049914,0.0519207,0.0537876,0.0555146,0.0571019,0.0585498,0.0598587,0.0610285,0.0620589,0.0629488,0.0636978,0.0643065,0.0647764,0.0651098,0.065309,0.0653754,0.0653097,0.0651113,0.0647785,0.0643093,0.0637013,0.0629529,0.0620636,0.0610338,0.0598645,0.0585561,0.0571085,0.0555216,0.0537949,0.0519282,0.0499216,0.0477762,0.045493,0.0430727,0.0405146,0.0378175,0.0349808,0.0320057,0.0288858,0.0256028,0.0221559,0.0185664,0.0148683,0.0111015,0.00731487,0.00360258,0.000491481,0,0,0,0,0,0,0,0,0
0,0,0,0,0,0,0,0,0,0.00127334,0.00632175,0.0103507,0.0142109,0.0179882,0.0216739,0.0252443,0.0286759,0.0319536,0.0350764,0.0380538,0.0408909,0.0435882,0.0461465,0.0485666,0.050849,0.0529934,0.0549991,0.0568652,0.0585918,0.0601788,0.0616266,0.0629353,0.0641049,0.0651351,0.0660253,0.0667754,0.0673859,0.0678581,0.0681937,0.0683944,0.0684614,0.0683951,0.0681952,0.0678603,0.0673889,0.0667791,0.0660296,0.06514,0.0641104,0.0629414,0.0616332,0.0601858,0.0585991,0.0568728,0.0550069,0.0530014,0.0508571,0.0485747,0.0461544,0.043596,0.0408984,0.038061,0.0350831,0.0319598,0.0286816,0.0252493,0.0216782,0.0179917,0.0142137,0.0103528,0.0063231,0.00127384,0,0,0,0,0,0,0,0,0
0,0,0,0,0,0,0,0,0.000520299,0.00456038,0.00913256,0.0132455,0.0171564,0.0209474,0.024628,0.0281865,0.0316077,0.034881,0.0380046,0.0409834,0.0438211,0.0465187,0.0490772,0.0514972,0.053779,0.0559225,0.0579272,0.0597927,0.0615188,0.0631056,0.0645532,0.0658618,0.0670312,0.0680614,0.068952,0.0697031,0.0703151,0.0707891,0.0711263,0.0713282,0.0713957,0.071329,0.0711279,0.0707914,0.0703182,0.0697069,0.0689565,0.0680666,0.067037,0.0658681,0.06456,0.0631129,0.0615264,0.0598006,0.0579354,0.0559308,0.0537874,0.0515056,0.0490855,0.0465269,0.043829,0.040991,0.0380117,0.0348876,0.0316138,0.0281919,0.0246327,0.0209514,0.0171596,0.0132481,0.00913434,0.00456137,0.000520614,0,0,0,0,0,0,0,0
0,0,0,0,0,0,0,0.000430035,0.00342692,0.0075124,0.0118804,0.0160069,0.0199458,0.0237479,0.0274267,0.0309776,0.0343913,0.0376607,0.0407838,0.0437631,0.0466011,0.0492989,0.0518574,0.0542771,0.0565584,0.0587012,0.0607052,0.0625701,0.0642958,0.0658823,0.0673297,0.0686381,0.0698075,0.0708378,0.0717289,0.0724808,0.073094,0.0735694,0.073908,0.0741108,0.0741786,0.0741116,0.0739096,0.0735718,0.0730972,0.0724847,0.0717335,0.0708431,0.0698135,0.0686447,0.0673368,0.0658898,0.0643037,0.0625783,0.0607136,0.0587098,0.0565671,0.0542859,0.0518661,0.0493074,0.0466094,0.0437711,0.0407913,0.0376677,0.0343978,0.0309834,0.0274318,0.0237524,0.0199495,0.0160098,0.0118826,0.00751384,0.00342767,0.000430284,0,0,0,0,0,0,0
0,0,0,0,0,0,0,0.0006807,0.00584584,0.0101979,0.0145055,0.0186308,0.0225839,0.0263935,0.0300716,0.0336175,0.0370258,0.0402918,0.0434138,0.046393,0.049231,0.0519288,0.0544871,0.0569066,0.0591874,0.0613295,0.0633329,0.0651973,0.0669226,0.0685089,0.0699561,0.0712644,0.0724338,0.0734642,0.0743557,0.0751083,0.0757226,0.0761991,0.0765387,0.0767423,0.0768104,0.0767431,0.0765404,0.0762016,0.0757259,0.0751124,0.0743605,0.0734697,0.07244,0.0712712,0.0699634,0.0685166,0.0669308,0.0652058,0.0633417,0.0613385,0.0591964,0.0569156,0.0544961,0.0519376,0.0492396,0.0464013,0.0434217,0.0402992,0.0370326,0.0336237,0.0300771,0.0263984,0.022588,0.0186341,0.0145081,0.0101998,0.00584694,0.000680971,0,0,0,0,0,0,0
0,0,0,0,0,0,0.000394852,0.00362391,0.00829883,0.0127066,0.0169917,0.021113,0.0250724,0.0288864,0.032564,0.0361063,0.0395106,0.0427737,0.0458943,0.048873,0.0517107,0.0544083,0.0569665,0.0593856,0.061666,0.0638076,0.0658104,0.0676744,0.0693993,0.0709853,0.0724324,0.0737406,0.07491,0.0759406,0.0768325,0.0775857,0.0782008,0.0786782,0.0790187,0.0792229,0.0792912,0.0792238,0.0790205,0.0786808,0.0782042,0.0775899,0.0768374,0.0759463,0.0749164,0.0737476,0.0724399,0.0709933,0.0694078,0.0676832,0.0658195,0.0638169,0.0616753,0.059395,0.0569758,0.0544175,0.0517197,0.0488816,0.0459026,0.0427814,0.0395178,0.0361129,0.0325699,0.0288916,0.0250769,0.0211167,0.0169947,0.0127089,0.00830031,0.00362462,0.000395038,0,0,0,0,0,0
0,0,0,0,0,0,0.000948917,0.0059814,0.0106361,0.0150601,0.019334,0.0234506,0.027412,0.0312278,0.0349047,0.0384443,0.0418454,0.045106,0.0482252,0.0512031,0.0540404,0.0567377,0.0592955,0.0617143,0.0639942,0.0661354,0.0681378,0.0700013,0.0717259,0.0733117,0.0747586,0.0760668,0.0772362,0.078267,0.0791592,0.079913,0.0805287,0.0810069,0.0813481,0.0815527,0.0816212,0.0815536,0.0813499,0.0810096,0.0805322,0.0799173,0.0791643,0.0782728,0.0772428,0.076074,0.0747664,0.0733199,0.0717346,0.0700103,0.0681471,0.0661449,0.0640039,0.061724,0.0593052,0.0567472,0.0540497,0.0512121,0.0482337,0.0451141,0.041853,0.0384513,0.034911,0.0312335,0.0274169,0.0234548,0.0193374,0.0150627,0.010638,0.00598245,0.000949173,0,0,0,0,0,0
0,0,0,0,0,0.000334275,0.0035888,0.00825351,0.0128477,0.0172658,0.0215304,0.025642,0.0296027,0.0334186,0.0370943,0.0406316,0.0440301,0.0472885,0.0504062,0.0533832,0.0562199,0.0589168,0.0614743,0.0638927,0.0661722,0.068313,0.0703149,0.0721781,0.0739024,0.0754879,0.0769348,0.0782429,0.0794124,0.0804433,0.0813358,0.08209,0.0827064,0.0831852,0.0835269,0.0837319,0.0838005,0.0837328,0.0835287,0.0831879,0.08271,0.0820945,0.081341,0.0804493,0.0794191,0.0782502,0.0769427,0.0754964,0.0739113,0.0721874,0.0703245,0.0683228,0.0661822,0.0639027,0.0614843,0.0589266,0.0562295,0.0533925,0.0504151,0.0472969,0.044038,0.040639,0.037101,0.0334246,0.029608,0.0256466,0.0215342,0.0172687,0.0128499,0.00825491,0.00358944,0.000334408,0,0,0,0,0
0,0,0,0,0,0.000488701,0.00565273,0.010356,0.0149187,0.0193246,0.02358,0.027686,0.0316444,0.035459,0.0391332,0.0426684,0.0460645,0.0493209,0.0524372,0.0554133,0.0582493,0.0609457,0.0635028,0.0659209,0.0682,0.0703403,0.0723419,0.0742047,0.0759288,0.0775141,0.0789608,0.0802689,0.0814384,0.0824695,0.0833623,0.0841169,0.0847337,0.085213,0.0855552,0.0857605,0.0858292,0.0857614,0.085557,0.0852158,0.0847374,0.0841215,0.0833677,0.0824757,0.0814453,0.0802764,0.078969,0.0775228,0.0759379,0.0742142,0.0723517,0.0703504,0.0682102,0.0659311,0.0635131,0.0609559,0.0582592,0.0554229,0.0524464,0.0493297,0.0460727,0.042676,0.0391402,0.0354653,0.03165,0.0276908,0.0235841,0.0193278,0.0149212,0.0103577,0.00565367,0.000488846,0,0,0,0,0
0,0,0,0,0,0.00299128,0.00765408,0.012308,0.0168438,0.0212357,0.0254817,0.0295816,0.0335366,0.0373492,0.0410214,0.0445545,0.0479486,0.0512033,0.0543182,0.0572932,0.0601286,0.0628245,0.0653811,0.0677988,0.0700775,0.0722175,0.0742187,0.0760812,0.0778051,0.0793902,0.0808368,0.0821449,0.0833144,0.0843457,0.0852387,0.0859937,0.0866109,0.0870906,0.0874331,0.0876386,0.0877074,0.0876396,0.087435,0.0870934,0.0866146,0.0859983,0.0852442,0.084352,0.0833215,0.0821526,0.0808451,0.0793991,0.0778144,0.076091,0.0742288,0.0722278,0.070088,0.0678093,0.0653916,0.0628349,0.0601388,0.0573031,0.0543277,0.0512123,0.0479572,0.0445625,0.0410287,0.0373558,0.0335425,0.0295868,0.0254861,0.0212393,0.0168466,0.01231,0.00765532,0.00299178,0,0,0,0,0
0,0,0,0,0.000283493,0.00477577,0.00946886,0.0141034,0.0186195,0.022998,0.0272345,0.0313282,0.0352792,0.0390891,0.0427592,0.0462902,0.0496824,0.0529354,0.0560489,0.059023,0.0618577,0.064553,0.0671092,0.0695264,0.0718048,0.0739445,0.0759454,0.0778076,0.0795312,0.0811163,0.0825627,0.0838708,0.0850404,0.0860718,0.086965,0.0877202,0.0883378,0.0888178,0.0891606,0.0893663,0.0894352,0.0893673,0.0891625,0.0888207,0.0883416,0.087725,0.0869706,0.0860782,0.0850476,0.0838786,0.0825712,0.0811253,0.0795408,0.0778176,0.0759557,0.073955,0.0718155,0.0695372,0.06712,0.0645636,0.0618681,0.0590332,0.0560587,0.0529447,0.0496912,0.0462984,0.0427667,0.039096,0.0352854,0.0313336,0.0272392,0.0230019,0.0186226,0.0141057,0.00947037,0.00477653,0.000283576,0,0,0,0
0,0,0,0,0.000849557,0.00631614,0.0111107,0.0157424,0.020244,0.0246103,0.0288378,0.032925,0.0368717,0.0406786,0.0443463,0.0478753,0.0512657,0.0545171,0.0576295,0.0606026,0.0634365,0.0661313,0.0686871,0.0711039,0.073382,0.0755213,0.0775219,0.0793839,0.0811073,0.0826922,0.0841386,0.0854466,0.0866163,0.0876478,0.0885412,0.0892967,0.0899144,0.0903947,0.0907378,0.0909437,0.0910127,0.0909447,0.0907397,0.0903977,0.0899183,0.0893015,0.0885469,0.0876543,0.0866236,0.0854546,0.0841473,0.0827015,0.0811171,0.0793941,0.0775324,0.075532,0.0733929,0.0711149,0.068698,0.0661422,0.0634472,0.060613,0.0576395,0.0545267,0.0512747,0.0478838,0.0443542,0.0406858,0.0368782,0.0329307,0.0288427,0.0246144,0.0202474,0.0157449,0.0111125,0.00631712,0.000849713,0,0,0,0
0,0,0,0,0.00301272,0.00785187,0.0126082,0.0172281,0.0217167,0.0260718,0.0302906,0.0343715,0.0383139,0.0421176,0.0457829,0.0493099,0.0526985,0.0559485,0.0590597,0.0620319,0.0648652,0.0675594,0.0701147,0.0725312,0.0748089,0.0769479,0.0789483,0.0808101,0.0825334,0.0841181,0.0855645,0.0868724,0.0880421,0.0890737,0.0899673,0.090723,0.091341,0.0918215,0.0921647,0.0923708,0.0924398,0.0923718,0.0921667,0.0918245,0.0913449,0.0907278,0.089973,0.0890803,0.0880495,0.0868806,0.0855732,0.0841275,0.0825433,0.0808204,0.078959,0.0769589,0.07482,0.0725424,0.0701259,0.0675705,0.064876,0.0620426,0.05907,0.0559583,0.0527078,0.0493186,0.045791,0.042125,0.0383206,0.0343775,0.0302958,0.0260762,0.0217203,0.0172308,0.0126102,0.00785308,0.00301318,0,0,0,0
0,0,0,0.000187785,0.00443575,0.00922132,0.0139543,0.0185608,0.0230372,0.0273819,0.0315925,0.0356673,0.0396053,0.0434058,0.0470687,0.0505937,0.0539807,0.0572294,0.0603396,0.063311,0.0661435,0.0688372,0.0713921,0.0738083,0.0760857,0.0782245,0.0802246,0.0820862,0.0838093,0.085394,0.0868402,0.0881482,0.0893179,0.0903496,0.0912433,0.0919991,0.0926173,0.093098,0.0934414,0.0936476,0.0937166,0.0936486,0.0934434,0.0931011,0.0926213,0.0920041,0.0912491,0.0903563,0.0893254,0.0881564,0.0868491,0.0854035,0.0838194,0.0820967,0.0802354,0.0782356,0.076097,0.0738196,0.0714035,0.0688485,0.0661546,0.0633218,0.06035,0.0572395,0.0539903,0.0506027,0.047077,0.0434134,0.0396122,0.0356735,0.0315979,0.0273864,0.023041,0.0185638,0.0139565,0.00922272,0.00443641,0.000187829,0,0,0
0,0,0,0.000218698,0.00552225,0.0104162,0.015146,0.0197403,0.0242049,0.0285398,0.0327428,0.0368119,0.0407456,0.0445431,0.0482036,0.0517268,0.0551124,0.0583599,0.061469,0.0644396,0.0672716,0.0699648,0.0725193,0.0749352,0.0772123,0.0793508,0.0813508,0.0832122,0.0849352,0.0865198,0.087966,0.0892739,0.0904437,0.0914754,0.0923692,0.0931252,0.0937435,0.0942244,0.0945679,0.0947741,0.0948432,0.0947752,0.0945699,0.0942275,0.0937476,0.0931302,0.0923751,0.0914822,0.0904513,0.0892822,0.087975,0.0865294,0.0849454,0.0832228,0.0813618,0.0793621,0.0772237,0.0749467,0.0725309,0.0699763,0.0672828,0.0644506,0.0614797,0.0583701,0.0551221,0.051736,0.0482121,0.0445509,0.0407527,0.0368182,0.0327484,0.0285446,0.0242089,0.0197434,0.0151484,0.0104178,0.00552307,0.000218741,0,0,0
0,0,0,0.000808131,0.00653211,0.0114671,0.016186,0.0207663,0.0252194,0.029545,0.033741,0.0378048,0.0417347,0.0455292,0.0491876,0.0527091,0.0560933,0.0593397,0.062448,0.0654179,0.0682494,0.0709422,0.0734963,0.0759118,0.0781888,0.0803271,0.0823269,0.0841882,0.085911,0.0874955,0.0889416,0.0902496,0.0914194,0.0924512,0.093345,0.0941011,0.0947196,0.0952006,0.0955442,0.0957505,0.0958196,0.0957516,0.0955463,0.0952037,0.0947237,0.0941062,0.093351,0.092458,0.0914271,0.090258,0.0889508,0.0875052,0.0859213,0.0841989,0.082338,0.0803384,0.0782003,0.0759235,0.073508,0.0709537,0.0682607,0.0654291,0.0624588,0.0593501,0.0561032,0.0527184,0.0491963,0.0455372,0.0417419,0.0378113,0.0337467,0.02955,0.0252235,0.0207697,0.0161885,0.0114688,0.00653307,0.000808251,0,0,0
0,0,0,0.00270855,0.00756942,0.0123883,0.0170751,0.0216384,0.0260799,0.030397,0.0345866,0.0386457,0.0425721,0.0463641,0.0500205,0.0535405,0.0569235,0.060169,0.0632765,0.0662458,0.0690768,0.0717692,0.0743231,0.0767383,0.079015,0.0811532,0.0831528,0.085014,0.0867368,0.0883212,0.0897673,0.0910752,0.0922451,0.0932769,0.0941708,0.094927,0.0955456,0.0960267,0.0963703,0.0965767,0.0966459,0.0965778,0.0963724,0.0960298,0.0955497,0.0949321,0.0941769,0.0932838,0.0922528,0.0910837,0.0897765,0.088331,0.0867471,0.0850248,0.083164,0.0811647,0.0790267,0.0767501,0.0743348,0.0717809,0.0690883,0.0662571,0.0632874,0.0601795,0.0569335,0.05355,0.0500293,0.0463722,0.0425795,0.0386524,0.0345925,0.0304021,0.0260842,0.0216419,0.0170777,0.0123902,0.00757053,0.00270893,0,0,0
0,0,0,0.00379992,0.00842925,0.0131568,0.017809,0.022355,0.0267856,0.0310952,0.0352792,0.0393343,0.0432576,0.0470474,0.0507022,0.0542209,0.0576029,0.0608476,0.0639545,0.0669233,0.0697538,0.0724459,0.0749996,0.0774146,0.0796912,0.0818292,0.0838287,0.0856898,0.0874125,0.0889968,0.0904429,0.0917508,0.0929207,0.0939525,0.0948466,0.0956028,0.0962215,0.0967026,0.0970464,0.0972528,0.0973219,0.0972538,0.0970485,0.0967058,0.0962256,0.095608,0.0948526,0.0939595,0.0929285,0.0917594,0.0904522,0.0890067,0.0874229,0.0857007,0.08384,0.0818407,0.0797029,0.0774265,0.0750114,0.0724577,0.0697654,0.0669347,0.0639655,0.0608582,0.057613,0.0542305,0.0507111,0.0470556,0.0432652,0.039341,0.0352852,0.0311004,0.02679,0.0223586,0.0178118,0.0131588,0.00843048,0.00380045,0,0,0
0,0,0,0.00444649,0.00907311,0.0137569,0.0183832,0.0229144,0.0273357,0.0316389,0.0358184,0.0398702,0.0437911,0.0475791,0.0512325,0.0547502,0.0581314,0.0613755,0.0644819,0.0674503,0.0702805,0.0729724,0.0755258,0.0779407,0.0802171,0.082355,0.0843545,0.0862155,0.0879381,0.0895224,0.0909685,0.0922764,0.0934463,0.0944782,0.0953722,0.0961285,0.0967473,0.0972285,0.0975722,0.0977787,0.0978479,0.0977798,0.0975744,0.0972316,0.0967514,0.0961337,0.0953783,0.0944852,0.0934541,0.092285,0.0909778,0.0895323,0.0879486,0.0862264,0.0843658,0.0823666,0.0802289,0.0779526,0.0755377,0.0729842,0.0702922,0.0674617,0.064493,0.0613861,0.0581416,0.0547599,0.0512415,0.0475874,0.0437987,0.039877,0.0358245,0.0316442,0.0273401,0.022918,0.018386,0.013759,0.00907444,0.00444711,0,0,0
0,0,0.00010302,0.0048266,0.00951229,0.0141839,0.0187945,0.0233149,0.0277293,0.0320277,0.0362039,0.0402532,0.0441724,0.047959,0.0516115,0.0551284,0.0585091,0.0617526,0.0648587,0.0678268,0.0706568,0.0733485,0.0759018,0.0783166,0.0805929,0.0827307,0.0847301,0.0865911,0.0883137,0.089898,0.091344,0.0926519,0.0938218,0.0948537,0.0957478,0.0965042,0.0971229,0.0976042,0.097948,0.0981545,0.0982237,0.0981556,0.0979501,0.0976074,0.0971271,0.0965094,0.095754,0.0948608,0.0938297,0.0926606,0.0913534,0.0899079,0.0883242,0.086602,0.0847415,0.0827424,0.0806048,0.0783286,0.0759138,0.0733604,0.0706686,0.0678383,0.0648698,0.0617634,0.0585193,0.0551381,0.0516205,0.0479674,0.04418,0.0402601,0.03621,0.0320331,0.0277338,0.0233187,0.0187974,0.014186,0.00951367,0.00482728,0.000103036,0,0
0,0,0.000104268,0.00502808,0.00976633,0.0144385,0.0190416,0.0235557,0.0279657,0.0322613,0.0364354,0.0404832,0.0444013,0.0481871,0.051839,0.0553555,0.0587358,0.0619791,0.0650849,0.0680529,0.0708827,0.0735743,0.0761275,0.0785423,0.0808185,0.0829563,0.0849557,0.0868166,0.0885392,0.0901235,0.0915695,0.0928775,0.0940473,0.0950793,0.0959734,0.0967298,0.0973486,0.0978298,0.0981737,0.0983802,0.0984494,0.0983812,0.0981758,0.097833,0.0973528,0.096735,0.0959795,0.0950863,0.0940552,0.0928861,0.0915789,0.0901334,0.0885497,0.0868276,0.084967,0.082968,0.0808304,0.0785542,0.0761395,0.0735863,0.0708945,0.0680644,0.0650961,0.0619898,0.058746,0.0553652,0.051848,0.0481955,0.044409,0.0404901,0.0364415,0.0322666,0.0279703,0.0235595,0.0190445,0.0144407,0.00976775,0.00502879,0.000104283,0,0
0,0,0.000104908,0.00509144,0.00984947,0.0145232,0.0191241,0.0236362,0.0280447,0.0323393,0.0365127,0.04056,0.0444777,0.0482633,0.0519149,0.0554313,0.0588115,0.0620547,0.0651605,0.0681284,0.0709582,0.0736498,0.076203,0.0786177,0.080894,0.0830318,0.0850311,0.086892,0.0886146,0.0901989,0.091645,0.0929529,0.0941228,0.0951548,0.0960489,0.0968053,0.0974241,0.0979054,0.0982492,0.0984557,0.0985249,0.0984568,0.0982514,0.0979086,0.0974283,0.0968105,0.096055,0.0951618,0.0941307,0.0929616,0.0916543,0.0902089,0.0886252,0.086903,0.0850425,0.0830434,0.0809058,0.0786297,0.076215,0.0736617,0.07097,0.0681399,0.0651716,0.0620655,0.0588218,0.055441,0.051924,0.0482717,0.0444854,0.040567,0.0365189,0.0323447,0.0280493,0.02364,0.019127,0.0145254,0.0098509,0.00509216,0.000104924,0,0
0,0,0.000104651,0.00502847,0.00976673,0.014439,0.019042,0.0235562,0.0279662,0.0322617,0.0364358,0.0404836,0.0444017,0.0481876,0.0518394,0.055356,0.0587363,0.0619796,0.0650854,0.0680534,0.0708833,0.073575,0.0761282,0.0785429,0.0808192,0.0829571,0.0849564,0.0868174,0.08854,0.0901243,0.0915704,0.0928784,0.0940483,0.0950802,0.0959744,0.0967308,0.0973495,0.0978308,0.0981747,0.0983812,0.0984504,0.0983822,0.0981768,0.097834,0.0973537,0.0967359,0.0959805,0.0950872,0.0940561,0.092887,0.0915797,0.0901343,0.0885505,0.0868284,0.0849678,0.0829687,0.0808311,0.0785549,0.0761402,0.0735869,0.0708951,0.0680649,0.0650966,0.0619903,0.0587465,0.0553657,0.0518485,0.048196,0.0444094,0.0404905,0.0364419,0.032267,0.0279707,0.0235599,0.0190449,0.0144411,0.00976815,0.00502917,0.000104667,0,0
0,0,0.000103768,0.00482738,0.0095131,0.0141847,0.0187953,0.0233158,0.0277301,0.0320286,0.0362047,0.040254,0.0441732,0.0479599,0.0516124,0.0551294,0.0585101,0.0617537,0.0648598,0.067828,0.070658,0.0733498,0.0759031,0.078318,0.0805943,0.0827322,0.0847317,0.0865927,0.0883153,0.0898997,0.0913458,0.0926538,0.0938237,0.0948556,0.0957497,0.0965061,0.0971249,0.0976062,0.09795,0.0981565,0.0982257,0.0981576,0.0979521,0.0976093,0.0971291,0.0965113,0.0957558,0.0948626,0.0938315,0.0926623,0.0913551,0.0899096,0.0883258,0.0866036,0.084743,0.0827438,0.0806062,0.0783299,0.075915,0.0733616,0.0706697,0.0678394,0.0648709,0.0617644,0.0585203,0.055139,0.0516214,0.0479683,0.0441809,0.0402609,0.0362109,0.0320339,0.0277346,0.0233195,0.0187982,0.0141868,0.00951448,0.00482805,0.000103784,0,0
0,0,0,0.00444764,0.00907434,0.0137582,0.0183844,0.0229156,0.0273369,0.0316401,0.0358197,0.0398714,0.0437924,0.0475804,0.0512339,0.0547517,0.0581329,0.061377,0.0644835,0.067452,0.0702823,0.0729743,0.0755278,0.0779428,0.0802193,0.0823572,0.0843568,0.0862179,0.0879406,0.089525,0.0909711,0.0922791,0.093449,0.094481,0.0953751,0.0961314,0.0967502,0.0972314,0.0975752,0.0977817,0.0978508,0.0977827,0.0975773,0.0972345,0.0967543,0.0961366,0.0953811,0.0944879,0.0934568,0.0922877,0.0909804,0.0895348,0.087951,0.0862287,0.084368,0.0823688,0.080231,0.0779546,0.0755396,0.0729861,0.0702939,0.0674634,0.0644945,0.0613876,0.058143,0.0547612,0.0512428,0.0475887,0.0438,0.0398783,0.0358257,0.0316454,0.0273414,0.0229193,0.0183873,0.0137602,0.00907565,0.00444826,0,0,0
0,0,0,0.00380145,0.00843088,0.0131584,0.0178107,0.0223567,0.0267873,0.0310968,0.0352809,0.0393359,0.0432593,0.0470491,0.050704,0.0542228,0.0576049,0.0608496,0.0639566,0.0669255,0.0697562,0.0724484,0.0750021,0.0774173,0.079694,0.0818321,0.0838318,0.0856929,0.0874157,0.0890002,0.0904464,0.0917544,0.0929243,0.0939563,0.0948503,0.0956067,0.0962253,0.0967065,0.0970503,0.0972567,0.0973259,0.0972578,0.0970524,0.0967096,0.0962295,0.0956117,0.0948564,0.0939632,0.0929321,0.0917629,0.0904556,0.08901,0.0874261,0.0857038,0.0838429,0.0818436,0.0797057,0.0774291,0.0750139,0.0724601,0.0697677,0.0669368,0.0639675,0.0608601,0.0576149,0.0542323,0.0507128,0.0470573,0.0432668,0.0393427,0.0352868,0.031102,0.0267916,0.0223602,0.0178134,0.0131604,0.00843211,0.00380198,0,0,0
0,0,0,0.00271048,0.00757149,0.0123904,0.0170772,0.0216405,0.0260819,0.0303991,0.0345887,0.0386478,0.0425742,0.0463662,0.0500227,0.0535428,0.0569259,0.0601715,0.0632792,0.0662486,0.0690797,0.0717723,0.0743263,0.0767417,0.0790185,0.0811568,0.0831566,0.0850179,0.0867408,0.0883254,0.0897716,0.0910796,0.0922496,0.0932815,0.0941755,0.0949318,0.0955504,0.0960315,0.0963752,0.0965816,0.0966507,0.0965826,0.0963773,0.0960346,0.0955545,0.0949368,0.0941815,0.0932883,0.0922572,0.0910881,0.0897807,0.0883351,0.0867511,0.0850286,0.0831677,0.0811682,0.0790301,0.0767533,0.0743379,0.0717838,0.0690911,0.0662598,0.06329,0.0601819,0.0569358,0.0535522,0.0500314,0.0463743,0.0425815,0.0386544,0.0345945,0.0304041,0.0260862,0.0216439,0.0170798,0.0123923,0.00757259,0.00271086,0,0,0
0,0,0,0.000810525,0.00653462,0.0114696,0.0161885,0.0207688,0.0252218,0.0295475,0.0337434,0.0378073,0.0417372,0.0455318,0.0491902,0.0527119,0.0560962,0.0593427,0.0624511,0.0654212,0.0682528,0.0709458,0.0735001,0.0759158,0.0781929,0.0803314,0.0823314,0.0841928,0.0859158,0.0875004,0.0889468,0.0902548,0.0914247,0.0924566,0.0933506,0.0941068,0.0947253,0.0952063,0.09555,0.0957563,0.0958254,0.0957573,0.095552,0.0952094,0.0947294,0.0941118,0.0933565,0.0924634,0.0914323,0.0902632,0.0889558,0.0875101,0.085926,0.0842034,0.0823423,0.0803426,0.0782043,0.0759273,0.0735116,0.0709572,0.0682641,0.0654322,0.0624618,0.0593529,0.0561059,0.0527211,0.0491988,0.0455397,0.0417443,0.0378137,0.0337491,0.0295524,0.0252259,0.0207721,0.016191,0.0114713,0.00653557,0.000810645,0,0,0
0,0,0,0.000222036,0.00552524,0.0104191,0.0151489,0.0197431,0.0242078,0.0285426,0.0327456,0.0368147,0.0407485,0.044546,0.0482066,0.05173,0.0551156,0.0583633,0.0614726,0.0644434,0.0672756,0.069969,0.0725237,0.0749397,0.0772171,0.0793558,0.081356,0.0832176,0.0849407,0.0865255,0.0879718,0.0892799,0.0904498,0.0914817,0.0923756,0.0931317,0.0937501,0.094231,0.0945745,0.0947808,0.0948499,0.0947818,0.0945766,0.094234,0.0937541,0.0931366,0.0923814,0.0914884,0.0904573,0.0892882,0.0879807,0.086535,0.0849508,0.0832281,0.0813668,0.0793669,0.0772283,0.0749511,0.0725351,0.0699803,0.0672867,0.0644542,0.0614831,0.0583733,0.0551252,0.051739,0.048215,0.0445537,0.0407555,0.036821,0.0327511,0.0285473,0.0242117,0.0197462,0.0151512,0.0104207,0.00552605,0.000222079,0,0,0
0,0,0,0.000191267,0.00443914,0.00922464,0.0139575,0.018564,0.0230404,0.027385,0.0315956,0.0356705,0.0396085,0.043409,0.047072,0.0505972,0.0539844,0.0572332,0.0603436,0.0633152,0.066148,0.0688419,0.071397,0.0738134,0.076091,0.07823,0.0802304,0.0820922,0.0838155,0.0854004,0.0868468,0.088155,0.0893249,0.0903567,0.0912505,0.0920064,0.0926247,0.0931055,0.0934489,0.0936551,0.0937241,0.0936561,0.0934509,0.0931084,0.0926286,0.0920113,0.0912562,0.0903633,0.0893323,0.0881631,0.0868556,0.0854098,0.0838254,0.0821026,0.0802411,0.078241,0.0761021,0.0738246,0.0714082,0.068853,0.0661589,0.0633258,0.0603539,0.0572431,0.0539937,0.050606,0.0470802,0.0434166,0.0396153,0.0356765,0.0316009,0.0273895,0.0230441,0.0185669,0.0139597,0.00922603,0.00443979,0.000191311,0,0,0
0,0,0,0,0.00301648,0.00785559,0.0126119,0.0172316,0.0217202,0.0260753,0.0302941,0.034375,0.0383174,0.0421211,0.0457865,0.0493137,0.0527025,0.0559527,0.0590641,0.0620366,0.06487,0.0675645,0.0701201,0.0725368,0.0748148,0.0769541,0.0789547,0.0808168,0.0825402,0.0841252,0.0855717,0.0868799,0.0880498,0.0890815,0.0899752,0.090731,0.0913491,0.0918297,0.092173,0.0923791,0.0924481,0.09238,0.0921749,0.0918326,0.091353,0.0907358,0.0899809,0.089088,0.0880571,0.0868879,0.0855804,0.0841344,0.08255,0.0808269,0.0789652,0.0769648,0.0748257,0.0725478,0.0701311,0.0675754,0.0648807,0.062047,0.0590742,0.0559623,0.0527116,0.0493223,0.0457945,0.0421284,0.0383239,0.0343808,0.0302992,0.0260796,0.0217238,0.0172344,0.0126138,0.00785678,0.00301693,0,0,0,0
0,0,0,0,0.000853774,0.00632024,0.0111147,0.0157463,0.0202478,0.0246141,0.0288415,0.0329287,0.0368755,0.0406824,0.0443503,0.0478794,0.05127,0.0545216,0.0576342,0.0606076,0.0634418,0.0661369,0.0686929,0.07111,0.0733883,0.0755279,0.0775289,0.0793911,0.0811148,0.0826999,0.0841466,0.0854548,0.0866246,0.0876563,0.0885498,0.0893054,0.0899233,0.0904037,0.0907468,0.0909527,0.0910217,0.0909537,0.0907487,0.0904066,0.0899271,0.0893102,0.0885554,0.0876627,0.0866318,0.0854626,0.084155,0.082709,0.0811244,0.0794011,0.0775392,0.0755385,0.0733991,0.0711208,0.0687037,0.0661475,0.0634523,0.0606178,0.0576441,0.054531,0.0512789,0.0478878,0.044358,0.0406895,0.0368818,0.0329343,0.0288463,0.0246181,0.0202511,0.0157488,0.0111164,0.0063212,0.000853927,0,0,0,0
0,0,0,0,0.000288558,0.00478024,0.00947318,0.0141076,0.0186236,0.023002,0.0272385,0.0313321,0.0352832,0.0390931,0.0427633,0.0462946,0.0496869,0.0529401,0.056054,0.0590284,0.0618633,0.0645589,0.0671154,0.069533,0.0718117,0.0739516,0.0759528,0.0778154,0.0795393,0.0811245,0.0825713,0.0838795,0.0850493,0.0860809,0.0869743,0.0877297,0.0883473,0.0888274,0.0891703,0.0893761,0.089445,0.089377,0.0891722,0.0888302,0.088351,0.0877343,0.0869797,0.0860872,0.0850564,0.0838872,0.0825796,0.0811334,0.0795486,0.0778251,0.0759629,0.0739619,0.0718222,0.0695435,0.067126,0.0645693,0.0618735,0.0590383,0.0560636,0.0529493,0.0496956,0.0463026,0.0427708,0.0390999,0.0352893,0.0313374,0.0272431,0.0230058,0.0186266,0.0141099,0.00947466,0.00478099,0.000288641,0,0,0,0
0,0,0,0,0,0.00299599,0.0076587,0.0123125,0.0168482,0.02124,0.0254859,0.0295858,0.0335408,0.0373534,0.0410258,0.0445591,0.0479534,0.0512083,0.0543235,0.0572988,0.0601345,0.0628307,0.0653877,0.0678057,0.0700848,0.072225,0.0742266,0.0760894,0.0778136,0.079399,0.0808459,0.0821542,0.083324,0.0843554,0.0852486,0.0860037,0.086621,0.0871008,0.0874434,0.087649,0.0877178,0.0876499,0.0874452,0.0871036,0.0866247,0.0860082,0.0852539,0.0843615,0.0833308,0.0821617,0.080854,0.0794077,0.0778227,0.076099,0.0742365,0.0722351,0.070095,0.067816,0.065398,0.0628409,0.0601445,0.0573085,0.0543328,0.0512172,0.0479618,0.0445669,0.041033,0.0373599,0.0335466,0.0295908,0.0254901,0.0212435,0.0168509,0.0123145,0.00765992,0.00299648,0,0,0,0,0
0,0,0,0,0,0.000493636,0.00565766,0.0103607,0.0149233,0.019329,0.0235844,0.0276903,0.0316487,0.0354634,0.0391377,0.0426731,0.0460695,0.0493262,0.0524427,0.0554191,0.0582555,0.0609523,0.0635097,0.0659281,0.0682076,0.0703483,0.0723502,0.0742133,0.0759377,0.0775234,0.0789703,0.0802787,0.0814485,0.0824797,0.0833727,0.0841275,0.0847444,0.0852238,0.085566,0.0857714,0.0858401,0.0857723,0.0855679,0.0852265,0.084748,0.0841319,0.0833779,0.0824857,0.0814552,0.080286,0.0789783,0.0775319,0.0759467,0.0742226,0.0723598,0.0703581,0.0682176,0.0659381,0.0635197,0.0609621,0.0582652,0.0554285,0.0524517,0.0493347,0.0460775,0.0426806,0.0391446,0.0354696,0.0316542,0.027695,0.0235883,0.0193322,0.0149258,0.0103624,0.00565858,0.000493779,0,0,0,0,0
0,0,0,0,0,0.000339686,0.00359405,0.00825854,0.0128525,0.0172704,0.0215349,0.0256465,0.0296072,0.0334231,0.037099,0.0406365,0.0440352,0.0472938,0.0504119,0.0533892,0.0562263,0.0589236,0.0614814,0.0639002,0.0661801,0.0683212,0.0703235,0.072187,0.0739117,0.0754976,0.0769447,0.0782531,0.0794228,0.080454,0.0813467,0.0821011,0.0827175,0.0831964,0.0835382,0.0837433,0.0838119,0.0837442,0.08354,0.0831991,0.082721,0.0821054,0.0813518,0.0804598,0.0794294,0.0782603,0.0769524,0.0755058,0.0739204,0.0721961,0.0703329,0.0683308,0.0661898,0.06391,0.0614911,0.0589331,0.0562357,0.0533983,0.0504206,0.0473021,0.0440429,0.0406436,0.0371055,0.0334289,0.0296123,0.0256509,0.0215386,0.0172733,0.0128547,0.00825991,0.00359467,0.000339817,0,0,0,0,0
0,0,0,0,0,0,0.000954483,0.00598667,0.0106411,0.0150648,0.0193386,0.0234551,0.0274165,0.0312324,0.0349094,0.0384492,0.0418506,0.0451115,0.048231,0.0512092,0.0540469,0.0567446,0.0593028,0.061722,0.0640023,0.0661439,0.0681466,0.0700105,0.0717355,0.0733216,0.0747689,0.0760774,0.0772471,0.0782781,0.0791704,0.0799244,0.0805403,0.0810186,0.0813598,0.0815645,0.081633,0.0815654,0.0813616,0.0810212,0.0805437,0.0799286,0.0791754,0.0782837,0.0772534,0.0760843,0.0747764,0.0733297,0.071744,0.0700194,0.0681557,0.0661532,0.0640118,0.0617315,0.0593123,0.0567539,0.0540559,0.051218,0.0482393,0.0451194,0.0418579,0.038456,0.0349156,0.0312379,0.0274213,0.0234592,0.0193419,0.0150674,0.0106429,0.0059877,0.000954734,0,0,0,0,0,0
0,0,0,0,0,0,0.000400916,0.00362942,0.00830388,0.0127115,0.0169964,0.0211175,0.0250769,0.0288909,0.0325687,0.0361112,0.0395158,0.0427792,0.0459001,0.0488792,0.0517173,0.0544154,0.0569739,0.0593935,0.0616742,0.0638163,0.0658195,0.0676838,0.0694092,0.0709955,0.072443,0.0737515,0.0749212,0.075952,0.076844,0.0775975,0.0782127,0.0786903,0.0790308,0.079235,0.0793033,0.0792359,0.0790325,0.0786928,0.078216,0.0776016,0.0768489,0.0759575,0.0749273,0.0737583,0.0724503,0.0710033,0.0694174,0.0676924,0.0658283,0.0638253,0.0616834,0.0594026,0.056983,0.0544243,0.051726,0.0488876,0.0459082,0.0427867,0.0395228,0.0361177,0.0325745,0.028896,0.0250813,0.0211211,0.0169993,0.0127136,0.00830532,0.00363011,0.000401101,0,0,0,0,0,0
0,0,0,0,0,0,0,0.000686388,0.0058509,0.0102028,0.0145102,0.0186352,0.0225883,0.026398,0.0300762,0.0336223,0.0370309,0.0402972,0.0434196,0.0463992,0.0492376,0.0519358,0.0544946,0.0569145,0.0591957,0.0613383,0.0633421,0.0652069,0.0669326,0.0685193,0.0699669,0.0712755,0.0724452,0.0734758,0.0743675,0.0751203,0.0757347,0.0762114,0.0765511,0.0767547,0.0768228,0.0767555,0.0765527,0.0762138,0.0757379,0.0751243,0.0743722,0.0734812,0.0724511,0.071282,0.0699739,0.0685268,0.0669406,0.0652152,0.0633506,0.061347,0.0592045,0.0569233,0.0545034,0.0519444,0.049246,0.0464073,0.0434273,0.0403044,0.0370376,0.0336284,0.0300816,0.0264027,0.0225923,0.0186385,0.0145127,0.0102046,0.00585198,0.000686656,0,0,0,0,0,0,0
0,0,0,0,0,0,0,0.000436024,0.00343186,0.00751728,0.011885,0.0160113,0.0199501,0.0237523,0.0274312,0.0309823,0.0343963,0.037666,0.0407895,0.0437693,0.0466077,0.049306,0.0518649,0.0542851,0.0565668,0.05871,0.0607144,0.0625798,0.0643059,0.0658928,0.0673406,0.0686493,0.069819,0.0708496,0.0717408,0.0724929,0.0731063,0.0735818,0.0739205,0.0741234,0.0741912,0.0741242,0.0739221,0.0735842,0.0731094,0.0724968,0.0717454,0.0708547,0.0698248,0.0686557,0.0673474,0.0659001,0.0643136,0.0625878,0.0607227,0.0587184,0.0565753,0.0542935,0.0518733,0.0493142,0.0466157,0.043777,0.0407969,0.0376729,0.0344026,0.030988,0.0274362,0.0237566,0.0199537,0.0160141,0.0118871,0.00751867,0.00343259,0.00043627,0,0,0,0,0,0,0
0,0,0,0,0,0,0,0,0.000524814,0.0045653,0.00913705,0.0132497,0.0171605,0.0209515,0.0246323,0.0281911,0.0316126,0.0348862,0.0380102,0.0409895,0.0438276,0.0465257,0.0490846,0.0515051,0.0537873,0.0559313,0.0579365,0.0598024,0.0615289,0.0631161,0.0645641,0.065873,0.0670428,0.0680732,0.0689641,0.0697154,0.0703275,0.0708016,0.071139,0.0713409,0.0714084,0.0713417,0.0711405,0.0708039,0.0703305,0.0697191,0.0689684,0.0680782,0.0670483,0.0658791,0.0645707,0.0631232,0.0615363,0.0598101,0.0579444,0.0559394,0.0537955,0.0515132,0.0490927,0.0465336,0.0438353,0.0409968,0.0380171,0.0348926,0.0316185,0.0281963,0.0246369,0.0209554,0.0171636,0.0132522,0.00913878,0.00456627,0.000525126,0,0,0,0,0,0,0,0
0,0,0,0,0,0,0,0,0,0.00127852,0.00632607,0.0103547,0.0142147,0.0179921,0.021678,0.0252487,0.0286806,0.0319586,0.0350818,0.0380597,0.0408972,0.043595,0.0461538,0.0485744,0.0508573,0.0530022,0.0550082,0.0568748,0.0586018,0.0601893,0.0616375,0.0629465,0.0641164,0.0651469,0.0660373,0.0667877,0.0673983,0.0678706,0.0682063,0.068407,0.0684741,0.0684078,0.0682078,0.0678728,0.0674012,0.0667912,0.0660415,0.0651516,0.0641217,0.0629524,0.0616438,0.060196,0.0586089,0.0568822,0.0550158,0.0530099,0.0508651,0.0485822,0.0461615,0.0436025,0.0409045,0.0380666,0.0350883,0.0319647,0.028686,0.0252535,0.0216821,0.0179955,0.0142174,0.0103567,0.00632738,0.00127901,0,0,0,0,0,0,0,0,0
0,0,0,0,0,0,0,0,0,0.000496673,0.00360563,0.0073168,0.0111026,0.0148688,0.0185664,0.0221554,0.0256019,0.0288847,0.0320045,0.0349796,0.0378164,0.0405137,0.0430722,0.0454928,0.0477765,0.0499225,0.0519297,0.0537971,0.0555245,0.0571122,0.0585605,0.0598698,0.0610399,0.0620705,0.0629607,0.06371,0.0643188,0.0647888,0.0651224,0.0653216,0.065388,0.0653223,0.0651238,0.0647909,0.0643215,0.0637134,0.0629647,0.0620751,0.061045,0.0598754,0.0585666,0.0571186,0.0555312,0.0538041,0.051937,0.0499299,0.047784,0.0455003,0.0430795,0.0405209,0.0378234,0.0349862,0.0320106,0.0288904,0.025607,0.0221598,0.0185701,0.0148717,0.0111049,0.00731837,0.00360655,0.000497065,0,0,0,0,0,0,0,0,0
0,0,0,0,0,0,0,0,0,0,0.000530902,0.00406945,0.00780696,0.0115753,0.0152956,0.0189124,0.0223793,0.0256667,0.028778,0.0317488,0.0345852,0.0372818,0.0398397,0.0422603,0.0445449,0.0466924,0.048701,0.0505692,0.052297,0.0538849,0.0553333,0.0566427,0.0578133,0.0588443,0.0597344,0.0604824,0.061089,0.0615561,0.0618869,0.0620842,0.0621499,0.0620849,0.0618883,0.0615581,0.0610916,0.0604856,0.0597382,0.0588487,0.0578182,0.0566481,0.0553391,0.053891,0.0523034,0.0505759,0.0487079,0.0466994,0.044552,0.0422673,0.0398466,0.0372886,0.0345918,0.031755,0.0287838,0.025672,0.022384,0.0189163,0.0152988,0.0115778,0.00780874,0.00407055,0.000531384,0,0,0,0,0,0,0,0,0,0
0,0,0,0,0,0,0,0,0,0,0,0.000578452,0.00431382,0.00810599,0.0118643,0.0155215,0.0190171,0.0223082,0.0254013,0.028366,0.0312036,0.0338993,0.0364561,0.0388763,0.0411622,0.0433118,0.0453222,0.0471913,0.0489192,0.0505073,0.0519558,0.0532653,0.0544365,0.0554684,0.0563586,0.0571052,0.0577089,0.0581725,0.0584997,0.0586945,0.0587593,0.0586951,0.058501,0.0581744,0.0577114,0.0571083,0.0563622,0.0554726,0.0544412,0.0532704,0.0519613,0.0505131,0.0489254,0.0471977,0.0453288,0.0433184,0.0411689,0.038883,0.0364627,0.0339057,0.0312097,0.0283718,0.0254067,0.0223131,0.0190213,0.015525,0.0118671,0.00810799,0.00431509,0.000579049,0,0,0,0,0,0,0,0,0,0,0
0,0,0,0,0,0,0,0,0,0,0,0,0.000616041,0.00445697,0.00827178,0.0119859,0.0155221,0.018815,0.0218709,0.0248291,0.0276721,0.0303661,0.0329213,0.0353405,0.0376283,0.0397806,0.0417936,0.0436636,0.0453913,0.0469794,0.0484278,0.0497374,0.0509094,0.0519428,0.0528337,0.0535788,0.0541789,0.0546377,0.0549605,0.055152,0.0552156,0.0551526,0.0549617,0.0546395,0.0541813,0.0535818,0.0528371,0.0519468,0.0509138,0.0497422,0.048433,0.0469849,0.0453971,0.0436696,0.0417998,0.0397869,0.0376346,0.0353468,0.0329275,0.0303721,0.0276778,0.0248346,0.0218759,0.0188195,0.0155259,0.011989,0.00827403,0.00445844,0.000616785,0,0,0,0,0,0,0,0,0,0,0,0
0,0,0,0,0,0,0,0,0,0,0,0,0,0.000626056,0.00451785,0.0083102,0.0119048,0.015198,0.0181783,0.0211351,0.0239926,0.0266821,0.029235,0.0316519,0.0339428,0.036099,0.0381156,0.0399862,0.0417131,0.0433012,0.0447494,0.0460586,0.0472318,0.0482679,0.0491602,0.0499037,0.0504992,0.0509518,0.0512687,0.0514561,0.0515183,0.0514567,0.0512698,0.0509535,0.0505014,0.0499065,0.0491634,0.0482716,0.047236,0.0460632,0.0447543,0.0433064,0.0417186,0.0399918,0.0381214,0.0361049,0.0339488,0.0316578,0.0292409,0.0266877,0.023998,0.0211402,0.018183,0.0152022,0.0119082,0.00831278,0.00451959,0.000626991,0,0,0,0,0,0,0,0,0,0,0,0,0
0,0,0,0,0,0,0,0,0,0,0,0,0,0,0.000602163,0.00449973,0.00818127,0.0114779,0.0143032,0.0172795,0.0201702,0.0228467,0.0253972,0.0278091,0.0301055,0.0322668,0.0342889,0.0361595,0.0378843,0.0394727,0.0409205,0.0422285,0.0434032,0.0444438,0.045339,0.0460807,0.0466701,0.0471147,0.0474239,0.047606,0.0476663,0.0476066,0.047425,0.0471163,0.0466722,0.0460833,0.045342,0.0444473,0.0434071,0.0422328,0.0409251,0.0394776,0.0378894,0.0361648,0.0342944,0.0322724,0.0301111,0.0278147,0.0254027,0.022852,0.0201753,0.0172841,0.0143075,0.0114818,0.00818429,0.00450182,0.000603362,0,0,0,0,0,0,0,0,0,0,0,0,0,0
0,0,0,0,0,0,0,0,0,0,0,0,0,0,0,0.000559481,0.00437429,0.00769814,0.0101978,0.0132583,0.0162178,0.018857,0.0214087,0.0238092,0.0261165,0.0282841,0.030315,0.032184,0.0339042,0.0354941,0.0369412,0.0382464,0.0394227,0.040471,0.0413712,0.0421108,0.0426921,0.043126,0.0434254,0.0436008,0.0436586,0.0436013,0.0434264,0.0431275,0.042694,0.0421132,0.0413741,0.0404742,0.0394264,0.0382504,0.0369455,0.0354987,0.033909,0.032189,0.0303201,0.0282893,0.0261217,0.0238143,0.0214137,0.0188619,0.0162224,0.0132626,0.0102017,0.0077018,0.00437694,0.000561072,0,0,0,0,0,0,0,0,0,0,0,0,0,0,0
0,0,0,0,0,0,0,0,0,0,0,0,0,0,0,0,0.000512985,0.00395547,0.00574951,0.00907588,0.0121643,0.0147024,0.0172726,0.0196459,0.0219769,0.0241501,0.0261967,0.0280606,0.0297711,0.031366,0.0328121,0.034111,0.0352887,0.0363501,0.0372589,0.0379957,0.0385658,0.0389856,0.0392723,0.0394391,0.039494,0.0394396,0.0392733,0.038987,0.0385677,0.037998,0.0372615,0.0363531,0.0352921,0.0341147,0.0328161,0.0313703,0.0297755,0.0280652,0.0262014,0.0241549,0.0219817,0.0196507,0.0172774,0.0147069,0.0121686,0.00907974,0.00575305,0.00395913,0.000515243,0,0,0,0,0,0,0,0,0,0,0,0,0,0,0,0
0,0,0,0,0,0,0,0,0,0,0,0,0,0,0,0,0,0,0.000691718,0.00476973,0.00807275,0.01035,0.0130017,0.0153053,0.0176917,0.019862,0.0219397,0.0237904,0.0254808,0.02709,0.0285345,0.02982,0.0309979,0.0320823,0.033005,0.0337377,0.0342921,0.0346931,0.0349635,0.0351195,0.0351706,0.0351199,0.0349643,0.0346944,0.0342938,0.0337398,0.0330075,0.0320851,0.031001,0.0298234,0.0285382,0.027094,0.0254849,0.0237947,0.0219441,0.0198664,0.0176962,0.0153097,0.0130061,0.0103541,0.00807679,0.00477313,0.000694731,0,0,0,0,0,0,0,0,0,0,0,0,0,0,0,0,0,0
0,0,0,0,0,0,0,0,0,0,0,0,0,0,0,0,0,0,0,0.000487178,0.00407366,0.00570582,0.00863741,0.010753,0.013277,0.0154104,0.0175561,0.0193754,0.021024,0.0226704,0.0241119,0.0253697,0.026544,0.0276701,0.0286145,0.0293398,0.0298718,0.0302477,0.0304972,0.0306399,0.0306865,0.0306403,0.030498,0.0302489,0.0298734,0.0293417,0.0286168,0.0276727,0.0265468,0.0253728,0.0241152,0.022674,0.0210278,0.0193793,0.0175601,0.0154144,0.013281,0.010757,0.00864146,0.00570955,0.00407754,0.000490033,0,0,0,0,0,0,0,0,0,0,0,0,0,0,0,0,0,0,0
0,0,0,0,0,0,0,0,0,0,0,0,0,0,0,0,0,0,0,0,0,0.00051607,0.00430796,0.00589965,0.00878036,0.0107664,0.013073,0.0148183,0.0163789,0.018118,0.0195507,0.0207535,0.0219144,0.023119,0.0240953,0.0248062,0.0253055,0.0256481,0.0258715,0.0259979,0.026039,0.0259983,0.0258722,0.0256492,0.0253069,0.0248079,0.0240974,0.0231213,0.021917,0.0207563,0.0195538,0.0181213,0.0163823,0.0148219,0.0130767,0.01077,0.00878404,0.00590315,0.00431178,0.00051926,0,0,0,0,0,0,0,0,0,0,0,0,0,0,0,0,0,0,0,0,0
0,0,0,0,0,0,0,0,0,0,0,0,0,0,0,0,0,0,0,0,0,0,0.000393134,0.000503579,0.00434022,0.00584552,0.00855507,0.0101229,0.0114959,0.0134609,0.0148637,0.0159598,0.017084,0.0184417,0.0194601,0.0201418,0.0205934,0.0208924,0.0210835,0.0211905,0.0212251,0.0211908,0.0210841,0.0208934,0.0205946,0.0201433,0.0194619,0.0184437,0.0170862,0.0159624,0.0148665,0.0134638,0.0114989,0.0101261,0.00855836,0.00584861,0.00434361,0.000506457,0.00039699,0,0,0,0,0,0,0,0,0,0,0,0,0,0,0,0,0,0,0,0,0,0
0,0,0,0,0,0,0,0,0,0,0,0,0,0,0,0,0,0,0,0,0,0,0,0,0.000350691,0.000405154,0.00416134,0.00529191,0.0062615,0.008769,0.0100718,0.0109696,0.0120005,0.0136685,0.0147284,0.0153516,0.0157342,0.0159775,0.0161297,0.016214,0.0162412,0.0162143,0.0161302,0.0159783,0.0157353,0.015353,0.01473,0.0136703,0.0120024,0.0109718,0.0100744,0.00877158,0.00626401,0.0052949,0.00416435,0.000407616,0.000354005,0,0,0,0,0,0,0,0,0,0,0,0,0,0,0,0,0,0,0,0,0,0,0,0
0,0,0,0,0,0,0,0,0,0,0,0,0,0,0,0,0,0,0,0,0,0,0,0,0,0,0,0.000316049,0.000416083,0.00421863,0.00520216,0.00575376,0.0065532,0.00887325,0.00992745,0.0104384,0.0107243,0.0108985,0.0110055,0.0110643,0.0110832,0.0110645,0.011006,0.0108993,0.0107253,0.0104396,0.00992887,0.00887478,0.00655476,0.0057558,0.00520443,0.00422092,0.000417966,0.000318909,0,0,0,0,0,0,0,0,0,0,0,0,0,0,0,0,0,0,0,0,0,0,0,0,0,0,0
0,0,0,0,0,0,0,0,0,0,0,0,0,0,0,0,0,0,0,0,0,0,0,0,0,0,0,0,0,0,0.000261944,0.000280901,0.000499659,0.00423629,0.0050866,0.00539802,0.00555594,0.0056491,0.0057056,0.0057365,0.00574645,0.00573673,0.00570606,0.00564978,0.00555682,0.0053991,0.00508783,0.00423758,0.000500711,0.000282758,0.000264028,0,0,0,0,0,0,0,0,0,0,0,0,0,0,0,0,0,0,0,0,0,0,0,0,0,0,0,0,0,0
0,0,0,0,0,0,0,0,0,0,0,0,0,0,0,0,0,0,0,0,0,0,0,0,0,0,0,0,0,0,0,0,0,0,0,0.000210706,0.000216341,0.000220672,0.000223663,0.000225429,0.00022607,0.000225623,0.000224051,0.000221251,0.000217103,0.000211635,0,0,0,0,0,0,0,0,0,0,0,0,0,0,0,0,0,0,0,0,0,0,0,0,0,0,0,0,0,0,0,0,0,0,0
0,0,0,0,0,0,0,0,0,0,0,0,0,0,0,0,0,0,0,0,0,0,0,0,0,0,0,0,0,0,0,0,0,0,0,0,0,0,0,0,0,0,0,0,0,0,0,0,0,0,0,0,0,0,0,0,0,0,0,0,0,0,0,0,0,0,0,0,0,0,0,0,0,0,0,0,0,0,0,0,0
0,0,0,0,0,0,0,0,0,0,0,0,0,0,0,0,0,0,0,0,0,0,0,0,0,0,0,0,0,0,0,0,0,0,0,0,0,0,0,0,0,0,0,0,0,0,0,0,0,0,0,0,0,0,0,0,0,0,0,0,0,0,0,0,0,0,0,0,0,0,0,0,0,0,0,0,0,0,0,0,0
0,0,0,0,0,0,0,0,0,0,0,0,0,0,0,0,0,0,0,0,0,0,0,0,0,0,0,0,0,0,0,0,0,0,0,0,0,0,0,0,0,0,0,0,0,0,0,0,0,0,0,0,0,0,0,0,0,0,0,0,0,0,0,0,0,0,0,0,0,0,0,0,0,0,0,0,0,0,0,0,0
0,0,0,0,0,0,0,0,0,0,0,0,0,0,0,0,0,0,0,0,0,0,0,0,0,0,0,0,0,0,0,0,0,0,0,0,0,0,0,0,0,0,0,0,0,0,0,0,0,0,0,0,0,0,0,0,0,0,0,0,0,0,0,0,0,0,0,0,0,0,0,0,0,0,0,0,0,0,0,0,0
